{"cameraMode":{"drawMode":0,"name":"Shaded","section":"Shading Mode"},"sceneLighting":true,"audioPlay":false,"sceneViewState":{"m_AlwaysRefresh":false,"showFog":true,"showSkybox":true,"showFlares":true,"showImageEffects":true,"showParticleSystems":true,"showVisualEffectGraphs":true,"m_FxEnabled":true},"in2DMode":false,"pivot":{"x":4.583198547363281,"y":4.113227844238281,"z":4.715662956237793},"rotation":{"x":0.0004183572600595653,"y":0.9961804747581482,"z":-0.0871991366147995,"w":0.004783123731613159},"size":0.048000261187553409,"orthographic":false}