{"cameraMode":{"drawMode":0,"name":"Shaded","section":"Shading Mode"},"sceneLighting":true,"audioPlay":false,"sceneViewState":{"m_AlwaysRefresh":false,"showFog":true,"showSkybox":true,"showFlares":true,"showImageEffects":true,"showParticleSystems":true,"showVisualEffectGraphs":true,"m_FxEnabled":true},"in2DMode":false,"pivot":{"x":-0.22445037961006165,"y":-1.2450193166732789,"z":12.777692794799805},"rotation":{"x":-0.2085266411304474,"y":-0.003010918851941824,"z":0.003222285769879818,"w":-0.9780294895172119},"size":10.049638748168946,"orthographic":false}