{"cameraMode":{"drawMode":0,"name":"Shaded","section":"Shading Mode"},"sceneLighting":true,"audioPlay":false,"sceneViewState":{"m_AlwaysRefresh":false,"showFog":true,"showSkybox":true,"showFlares":true,"showImageEffects":true,"showParticleSystems":true,"showVisualEffectGraphs":true,"m_FxEnabled":true},"in2DMode":false,"pivot":{"x":731.8919067382813,"y":186.41070556640626,"z":-127.36967468261719},"rotation":{"x":-0.029228582978248597,"y":-0.17453062534332276,"z":-0.005182232242077589,"w":0.9842127561569214},"size":70.03225708007813,"orthographic":false}