{"cameraMode":{"drawMode":0,"name":"Shaded","section":"Shading Mode"},"sceneLighting":true,"audioPlay":false,"sceneViewState":{"m_AlwaysRefresh":false,"showFog":true,"showSkybox":true,"showFlares":true,"showImageEffects":true,"showParticleSystems":true,"showVisualEffectGraphs":true,"m_FxEnabled":true},"in2DMode":false,"pivot":{"x":4.5419721603393559,"y":2.823418617248535,"z":7.2546234130859379},"rotation":{"x":0.12814003229141236,"y":-0.33923575282096865,"z":0.04670371860265732,"w":0.930769145488739},"size":12.12435531616211,"orthographic":false}