{"cameraMode":{"drawMode":0,"name":"Shaded","section":"Shading Mode"},"sceneLighting":true,"audioPlay":false,"sceneViewState":{"m_AlwaysRefresh":false,"showFog":true,"showSkybox":true,"showFlares":true,"showImageEffects":true,"showParticleSystems":true,"showVisualEffectGraphs":true,"m_FxEnabled":true},"in2DMode":false,"pivot":{"x":-16.783693313598634,"y":3.6494436264038088,"z":-0.2599020004272461},"rotation":{"x":-0.10374383628368378,"y":-0.3890261948108673,"z":0.046905871480703357,"w":-0.9141933917999268},"size":11.46023941040039,"orthographic":false}