{"cameraMode":{"drawMode":0,"name":"Shaded","section":"Shading Mode"},"sceneLighting":true,"audioPlay":false,"sceneViewState":{"m_AlwaysRefresh":false,"showFog":true,"showSkybox":true,"showFlares":true,"showImageEffects":true,"showParticleSystems":true,"showVisualEffectGraphs":true,"m_FxEnabled":true},"in2DMode":false,"pivot":{"x":680.8869018554688,"y":237.35357666015626,"z":-8.7591552734375},"rotation":{"x":0.09077303856611252,"y":-0.13994814455509187,"z":0.012885279022157193,"w":0.9859119057655335},"size":184.55027770996095,"orthographic":false}