{"cameraMode":{"drawMode":0,"name":"Shaded","section":"Shading Mode"},"sceneLighting":false,"audioPlay":false,"sceneViewState":{"m_AlwaysRefresh":false,"showFog":true,"showSkybox":false,"showFlares":true,"showImageEffects":true,"showParticleSystems":true,"showVisualEffectGraphs":true,"m_FxEnabled":true},"in2DMode":false,"pivot":{"x":0.15176719427108766,"y":0.2640477120876312,"z":-0.0829615592956543},"rotation":{"x":-0.10602397471666336,"y":-0.2221028357744217,"z":0.026903150603175165,"w":-0.968896746635437},"size":0.5977388024330139,"orthographic":false}