{"cameraMode":{"drawMode":0,"name":"Shaded","section":"Shading Mode"},"sceneLighting":false,"audioPlay":false,"sceneViewState":{"m_AlwaysRefresh":false,"showFog":true,"showSkybox":false,"showFlares":true,"showImageEffects":true,"showParticleSystems":true,"showVisualEffectGraphs":true,"m_FxEnabled":true},"in2DMode":false,"pivot":{"x":-0.03256332874298096,"y":1.2899999618530274,"z":2.8399999141693117},"rotation":{"x":0.12519524991512299,"y":0.6689364314079285,"z":-0.11569464951753617,"w":0.7235335111618042},"size":0.16179190576076508,"orthographic":false}