{"cameraMode":{"drawMode":0,"name":"Shaded","section":"Shading Mode"},"sceneLighting":false,"audioPlay":false,"sceneViewState":{"m_AlwaysRefresh":false,"showFog":true,"showSkybox":false,"showFlares":true,"showImageEffects":true,"showParticleSystems":true,"showVisualEffectGraphs":true,"m_FxEnabled":true},"in2DMode":false,"pivot":{"x":0.7520002126693726,"y":2.553568124771118,"z":4.535083293914795},"rotation":{"x":0.07286094129085541,"y":-0.7840713262557983,"z":0.10412747412919998,"w":0.6075202822685242},"size":0.45906877517700198,"orthographic":false}