{"cameraMode":{"drawMode":0,"name":"Shaded","section":"Shading Mode"},"sceneLighting":false,"audioPlay":false,"sceneViewState":{"m_AlwaysRefresh":false,"showFog":true,"showSkybox":false,"showFlares":true,"showImageEffects":true,"showParticleSystems":true,"showVisualEffectGraphs":true,"m_FxEnabled":true},"in2DMode":false,"pivot":{"x":1.9700000286102296,"y":0.1860000044107437,"z":2.711022138595581},"rotation":{"x":0.05429425835609436,"y":-0.8086513876914978,"z":0.07571299374103546,"w":0.5809124708175659},"size":0.031412504613399509,"orthographic":false}