{"cameraMode":{"drawMode":0,"name":"Shaded","section":"Shading Mode"},"sceneLighting":false,"audioPlay":false,"sceneViewState":{"m_AlwaysRefresh":false,"showFog":true,"showSkybox":false,"showFlares":true,"showImageEffects":true,"showParticleSystems":true,"showVisualEffectGraphs":true,"m_FxEnabled":true},"in2DMode":false,"pivot":{"x":-8.213905334472657,"y":2.8205668926239015,"z":-2.8766372203826906},"rotation":{"x":-0.04565834626555443,"y":-0.7735396027565002,"z":0.055982839316129687,"w":-0.6296800971031189},"size":1.6493562459945679,"orthographic":false}