{"cameraMode":{"drawMode":0,"name":"Shaded","section":"Shading Mode"},"sceneLighting":true,"audioPlay":false,"sceneViewState":{"m_AlwaysRefresh":false,"showFog":true,"showSkybox":true,"showFlares":true,"showImageEffects":true,"showParticleSystems":true,"showVisualEffectGraphs":true,"m_FxEnabled":true},"in2DMode":false,"pivot":{"x":-53.50542449951172,"y":4.433472156524658,"z":-43.384822845458987},"rotation":{"x":-0.007235457189381123,"y":-0.9048730134963989,"z":-0.015497230924665928,"w":0.42541196942329409},"size":43.0411262512207,"orthographic":false}