{"cameraMode":{"drawMode":0,"name":"Shaded","section":"Shading Mode"},"sceneLighting":true,"audioPlay":false,"sceneViewState":{"m_AlwaysRefresh":false,"showFog":true,"showSkybox":true,"showFlares":true,"showImageEffects":true,"showParticleSystems":true,"showVisualEffectGraphs":true,"m_FxEnabled":true},"in2DMode":false,"pivot":{"x":76.17076110839844,"y":23.864229202270509,"z":54.020965576171878},"rotation":{"x":0.0011098424438387156,"y":0.9970821738243103,"z":0.07612591236829758,"w":-0.01486833393573761},"size":0.02709423564374447,"orthographic":false}