{"cameraMode":{"drawMode":0,"name":"Shaded","section":"Shading Mode"},"sceneLighting":true,"audioPlay":false,"sceneViewState":{"m_AlwaysRefresh":false,"showFog":true,"showSkybox":true,"showFlares":true,"showImageEffects":true,"showParticleSystems":true,"showVisualEffectGraphs":true,"m_FxEnabled":true},"in2DMode":false,"pivot":{"x":89.12281799316406,"y":1.6492286920547486,"z":-18.343610763549806},"rotation":{"x":0.13925059139728547,"y":0.4416322112083435,"z":-0.06959235668182373,"w":0.883602499961853},"size":11.454774856567383,"orthographic":false}