{"cameraMode":{"drawMode":0,"name":"Shaded","section":"Shading Mode"},"sceneLighting":true,"audioPlay":false,"sceneViewState":{"m_AlwaysRefresh":false,"showFog":true,"showSkybox":true,"showFlares":true,"showImageEffects":true,"showParticleSystems":true,"showVisualEffectGraphs":true,"m_FxEnabled":true},"in2DMode":false,"pivot":{"x":105.13380432128906,"y":12.860329627990723,"z":68.1437759399414},"rotation":{"x":-0.016795406118035318,"y":0.9828855395317078,"z":-0.11282050609588623,"w":-0.14540676772594453},"size":0.03773463889956474,"orthographic":false}