{"cameraMode":{"drawMode":0,"name":"Shaded","section":"Shading Mode"},"sceneLighting":true,"audioPlay":false,"sceneViewState":{"m_AlwaysRefresh":false,"showFog":true,"showSkybox":true,"showFlares":true,"showImageEffects":true,"showParticleSystems":true,"showVisualEffectGraphs":true,"m_FxEnabled":true},"in2DMode":false,"pivot":{"x":13.619958877563477,"y":12.556071281433106,"z":8.58039665222168},"rotation":{"x":0.10861824452877045,"y":-0.8913158178329468,"z":0.31161603331565859,"w":0.31097301840782168},"size":12.12435531616211,"orthographic":false}