{"cameraMode":{"drawMode":0,"name":"Shaded","section":"Shading Mode"},"sceneLighting":true,"audioPlay":false,"sceneViewState":{"m_AlwaysRefresh":false,"showFog":true,"showSkybox":true,"showFlares":true,"showImageEffects":true,"showParticleSystems":true,"showVisualEffectGraphs":true,"m_FxEnabled":true},"in2DMode":false,"pivot":{"x":64.54000854492188,"y":3.3922793865203859,"z":-31.468204498291017},"rotation":{"x":0.10921799391508103,"y":-0.11102083325386048,"z":0.012123696506023407,"w":0.9878181219100952},"size":2.122499704360962,"orthographic":false}