{"cameraMode":{"drawMode":0,"name":"Shaded","section":"Shading Mode"},"sceneLighting":true,"audioPlay":false,"sceneViewState":{"m_AlwaysRefresh":false,"showFog":true,"showSkybox":true,"showFlares":true,"showImageEffects":true,"showParticleSystems":true,"showVisualEffectGraphs":true,"m_FxEnabled":true},"in2DMode":false,"pivot":{"x":-1.5607032775878907,"y":-2.4582881927490236,"z":17.64212989807129},"rotation":{"x":0.32324984669685366,"y":-0.15063193440437318,"z":0.05083052068948746,"w":0.9330589771270752},"size":10.097756385803223,"orthographic":false}