{"cameraMode":{"drawMode":0,"name":"Shaded","section":"Shading Mode"},"sceneLighting":false,"audioPlay":false,"sceneViewState":{"m_AlwaysRefresh":false,"showFog":true,"showSkybox":true,"showFlares":true,"showImageEffects":true,"showParticleSystems":true,"showVisualEffectGraphs":true,"m_FxEnabled":true},"in2DMode":false,"pivot":{"x":49.832000732421878,"y":4.659999847412109,"z":33.21858596801758},"rotation":{"x":0.18617849051952363,"y":-0.0007062680087983608,"z":0.006380067672580481,"w":0.9824895262718201},"size":78.35680389404297,"orthographic":false}