{"cameraMode":{"drawMode":0,"name":"Shaded","section":"Shading Mode"},"sceneLighting":false,"audioPlay":false,"sceneViewState":{"m_AlwaysRefresh":false,"showFog":true,"showSkybox":true,"showFlares":true,"showImageEffects":true,"showParticleSystems":true,"showVisualEffectGraphs":true,"m_FxEnabled":true},"in2DMode":false,"pivot":{"x":1.5225629806518555,"y":2.7837820053100588,"z":-4.887733459472656},"rotation":{"x":-0.14207828044891358,"y":-0.15333637595176698,"z":0.022226931527256967,"w":-0.9776961803436279},"size":10.217860221862793,"orthographic":false}