{"cameraMode":{"drawMode":0,"name":"Shaded","section":"Shading Mode"},"sceneLighting":false,"audioPlay":false,"sceneViewState":{"m_AlwaysRefresh":false,"showFog":true,"showSkybox":true,"showFlares":true,"showImageEffects":true,"showParticleSystems":true,"showVisualEffectGraphs":true,"m_FxEnabled":true},"in2DMode":false,"pivot":{"x":8.297410011291504,"y":3.7224650382995607,"z":-9.099569320678711},"rotation":{"x":-0.013459348119795323,"y":0.9662516713142395,"z":0.05195946246385574,"w":0.25203773379325869},"size":11.020716667175293,"orthographic":false}