{"cameraMode":{"drawMode":0,"name":"Shaded","section":"Shading Mode"},"sceneLighting":true,"audioPlay":false,"sceneViewState":{"m_AlwaysRefresh":false,"showFog":true,"showSkybox":true,"showFlares":true,"showImageEffects":true,"showParticleSystems":true,"showVisualEffectGraphs":true,"m_FxEnabled":true},"in2DMode":false,"pivot":{"x":-2.892662763595581,"y":-13.655508995056153,"z":41.072811126708987},"rotation":{"x":-0.2641042172908783,"y":-0.015336955897510052,"z":0.004200842697173357,"w":-0.9643645286560059},"size":22.625980377197267,"orthographic":false}