{"cameraMode":{"drawMode":0,"name":"Shaded","section":"Shading Mode"},"sceneLighting":false,"audioPlay":false,"sceneViewState":{"m_AlwaysRefresh":false,"showFog":true,"showSkybox":true,"showFlares":true,"showImageEffects":true,"showParticleSystems":true,"showVisualEffectGraphs":true,"m_FxEnabled":true},"in2DMode":false,"pivot":{"x":-8.625969886779786,"y":6.055245876312256,"z":12.610212326049805},"rotation":{"x":-0.017386430874466897,"y":-0.1888706088066101,"z":-0.0033087395131587984,"w":0.9818828105926514},"size":9.58275032043457,"orthographic":false}