{"cameraMode":{"drawMode":0,"name":"Shaded","section":"Shading Mode"},"sceneLighting":false,"audioPlay":false,"sceneViewState":{"m_AlwaysRefresh":false,"showFog":true,"showSkybox":true,"showFlares":true,"showImageEffects":true,"showParticleSystems":true,"showVisualEffectGraphs":true,"m_FxEnabled":true},"in2DMode":false,"pivot":{"x":-1.251711368560791,"y":2.9062106609344484,"z":3.788578510284424},"rotation":{"x":0.018564732745289804,"y":-0.8803998827934265,"z":0.03463008254766464,"w":0.47263601422309878},"size":2.6379618644714357,"orthographic":false}